employee_id,display_name,ad_username,ad_status,aws_username,aws_status,okta_username,okta_status,manager,department,employment_status,termination_date,last_login,is_oncall
E20001,Kabir Verma,kabirverma,disabled,kabirverma,active,kabir.verma@hotmail.com,disabled,Anika Joshi,IT,employee,2026-05-25,2026-05-14T01:00:00,false
E20002,Pari Banerjee,paribanerjee,disabled,paribanerjee,active,pari.banerjee@gmail.com,disabled,Aanya Chatterjee,Engineering,employee,2026-05-03,2026-05-17T16:00:00,false
E20003,Shreya Pillai,shreyapillai,disabled,shreyapillai,active,shreya.pillai@gmail.com,disabled,Arnav Pillai,Finance,employee,2026-04-23,2026-05-27T23:00:00,false
E20004,Aditi Das,aditidas,disabled,aditidas,active,aditi.das@hotmail.com,disabled,Krishna Gupta,HR,employee,2026-05-13,2026-06-02T17:00:00,false
E20005,Tanvi Desai,tanvidesai,disabled,tanvidesai,active,tanvi.desai@yahoo.com,disabled,Ishaan Chakraborty,IT,employee,2026-04-27,2026-05-12T17:00:00,false
E20006,Lakshmi Iyer,lakshmiiyer,disabled,lakshmiiyer,active,lakshmi.iyer@gmail.com,disabled,Arjun Kamath,HR,employee,2026-05-27,2026-05-29T06:00:00,false
E20007,Riya Rao,riyarao,disabled,riyarao,active,riya.rao@gmail.com,disabled,Riya Ghosh,HR,employee,2026-05-06,2026-05-24T17:00:00,false
E20008,Anand Chakraborty,anandchakraborty,disabled,anandchakraborty,active,anand.chakraborty@gmail.com,disabled,Kunal Mishra,Finance,employee,2026-04-28,2026-05-27T07:00:00,false
E20009,Neha Chauhan,nehachauhan,disabled,nehachauhan,active,neha.chauhan@hotmail.com,disabled,Ashok Sharma,Sales,employee,2026-05-15,2026-05-19T19:00:00,false
E20010,Kiara Patel,kiarapatel,disabled,kiarapatel,active,kiara.patel@gmail.com,disabled,Lakshmi Raman,Engineering,employee,2026-05-08,2026-05-10T15:00:00,false
E20011,Krishna Chatterjee,krishnachatterjee,disabled,krishnachatterjee,active,krishna.chatterjee@hotmail.com,disabled,Aniket Subramaniam,Sales,employee,2026-05-21,2026-05-27T08:00:00,false
E20012,Divya Pandey,divyapandey,disabled,divyapandey,active,divya.pandey@hotmail.com,disabled,Sanjay Mukherjee,Security,employee,2026-05-16,2026-05-28T22:00:00,false
E20013,Ishaan Iyer,ishaaniyer,disabled,ishaaniyer,active,ishaan.iyer@hotmail.com,disabled,Krishna Gupta,HR,employee,2026-05-27,2026-05-19T17:00:00,false
E20014,Mahesh Tiwari,maheshtiwari,disabled,maheshtiwari,active,mahesh.tiwari@gmail.com,disabled,Aryan Pillai,HR,employee,2026-05-09,2026-05-22T11:00:00,false
E20015,Shreya Pillai,shreyapillai,disabled,shreyapillai,active,shreya.pillai@hotmail.com,disabled,Saanvi Mehta,HR,employee,2026-05-23,2026-05-22T19:00:00,false
E20016,Vivaan Menon,vivaanmenon,disabled,vivaanmenon,active,vivaan.menon@yahoo.com,disabled,Vikram Tiwari,HR,employee,2026-05-18,2026-05-23T23:00:00,false
E20017,Gaurav Naidu,gauravnaidu,disabled,gauravnaidu,active,gaurav.naidu@gmail.com,disabled,Neha Desai,HR,employee,2026-04-24,2026-05-12T07:00:00,false
E20018,Rohan Shah,rohanshah,disabled,rohanshah,active,rohan.shah@gmail.com,disabled,Krishna Kulkarni,Finance,employee,2026-04-25,2026-05-28T06:00:00,false
E20019,Riya Desai,riyadesai,disabled,riyadesai,active,riya.desai@gmail.com,disabled,Ira Deshmukh,Security,employee,2026-05-12,2026-05-21T14:00:00,false
E20020,Myra Banerjee,myrabanerjee,disabled,myrabanerjee,active,myra.banerjee@gmail.com,disabled,Aniket Kumar,IT,employee,2026-05-16,2026-05-24T15:00:00,false
E20021,Pooja Pillai,poojapillai,disabled,poojapillai,active,pooja.pillai@gmail.com,disabled,Riya Reddy,Sales,employee,2026-04-26,2026-05-31T16:00:00,false
E20022,Gaurav Deshmukh,gauravdeshmukh,disabled,gauravdeshmukh,active,gaurav.deshmukh@hotmail.com,disabled,Karthik Chauhan,Engineering,employee,2026-05-29,2026-06-04T14:00:00,false
E20023,Vivaan Reddy,vivaanreddy,disabled,vivaanreddy,active,vivaan.reddy@hotmail.com,disabled,Siddharth Chatterjee,Finance,employee,2026-04-24,2026-05-18T20:00:00,false
E20024,Anika Pillai,anikapillai,disabled,anikapillai,active,anika.pillai@gmail.com,disabled,Suresh Sengupta,Security,employee,2026-05-16,2026-05-30T19:00:00,false
E20025,Rahul Pillai,rahulpillai,disabled,rahulpillai,active,rahul.pillai@hotmail.com,disabled,Arjun Subramaniam,Data,employee,2026-05-02,2026-05-24T15:00:00,false
E20026,Krishna Bhat,krishnabhat,disabled,krishnabhat,active,krishna.bhat@gmail.com,disabled,Rajesh Chatterjee,Security,employee,2026-05-24,2026-05-27T19:00:00,false
E20027,Meera Chauhan,meerachauhan,disabled,meerachauhan,active,meera.chauhan@hotmail.com,disabled,Kunal Das,Finance,employee,2026-05-29,2026-05-13T11:00:00,false
E20028,Meera Reddy,meerareddy,disabled,meerareddy,active,meera.reddy@hotmail.com,disabled,Divya Tiwari,IT,employee,2026-05-13,2026-05-18T20:00:00,false
E20029,Pooja Pandey,poojapandey,disabled,poojapandey,active,pooja.pandey@hotmail.com,disabled,Pooja Hegde,Engineering,employee,2026-04-24,2026-05-16T04:00:00,false
E20030,Vikram Menon,vikrammenon,disabled,vikrammenon,active,vikram.menon@hotmail.com,disabled,Aishwarya Menon,IT,employee,2026-05-12,2026-05-28T18:00:00,false
E20031,Ramesh Das,rameshdas,disabled,rameshdas,active,ramesh.das@yahoo.com,disabled,Kunal Raman,HR,employee,2026-05-22,2026-05-15T02:00:00,false
E20032,Anika Reddy,anikareddy,disabled,anikareddy,active,anika.reddy@gmail.com,disabled,Varun Krishnan,Legal,employee,2026-04-26,2026-05-16T14:00:00,false
E20033,Riya Kulkarni,riyakulkarni,disabled,riyakulkarni,active,riya.kulkarni@yahoo.com,disabled,Gaurav Kulkarni,IT,employee,2026-05-27,2026-05-13T15:00:00,false
E20034,Pari Mishra,parimishra,disabled,parimishra,active,pari.mishra@hotmail.com,disabled,Myra Nair,Sales,employee,2026-05-10,2026-05-18T10:00:00,false
E20035,Arnav Subramaniam,arnavsubramaniam,disabled,arnavsubramaniam,active,arnav.subramaniam@yahoo.com,disabled,Tanvi Shetty,Engineering,employee,2026-05-05,2026-05-18T01:00:00,false
E20036,Kunal Singh,kunalsingh,disabled,kunalsingh,active,kunal.singh@gmail.com,disabled,Vikram Krishnan,Data,employee,2026-04-22,2026-05-19T00:00:00,false
E20037,Reyansh Deshmukh,reyanshdeshmukh,disabled,reyanshdeshmukh,active,reyansh.deshmukh@gmail.com,disabled,Lakshmi Desai,Data,employee,2026-05-10,2026-05-11T12:00:00,false
E20038,Nandini Joshi,nandinijoshi,disabled,nandinijoshi,active,nandini.joshi@hotmail.com,disabled,Sai Verma,Finance,employee,2026-05-19,2026-06-04T05:00:00,false
E20039,Kavya Yadav,kavyayadav,disabled,kavyayadav,active,kavya.yadav@yahoo.com,disabled,Kabir Patel,Sales,employee,2026-05-25,2026-05-18T00:00:00,false
E20040,Pooja Chakraborty,poojachakraborty,disabled,poojachakraborty,active,pooja.chakraborty@yahoo.com,disabled,Sai Kumar,Finance,employee,2026-05-08,2026-06-02T08:00:00,false
E20041,Aditi Krishnan,aditikrishnan,disabled,aditikrishnan,active,aditi.krishnan@yahoo.com,disabled,Deepak Shah,Sales,employee,2026-05-14,2026-05-16T07:00:00,false
E20042,Karthik Bhat,karthikbhat,disabled,karthikbhat,active,karthik.bhat@gmail.com,disabled,Anika Krishnan,Legal,employee,2026-05-07,2026-05-26T00:00:00,false
E20043,Sneha Chakraborty,snehachakraborty,disabled,snehachakraborty,active,sneha.chakraborty@gmail.com,disabled,Vivaan Mukherjee,IT,employee,2026-05-26,2026-05-28T01:00:00,false
E20044,Aditya Menon,adityamenon,disabled,adityamenon,active,aditya.menon@yahoo.com,disabled,Ananya Pandey,IT,employee,2026-05-12,2026-05-14T06:00:00,false
E20045,Ashok Bhat,ashokbhat,disabled,ashokbhat,active,ashok.bhat@gmail.com,disabled,Kavya Joshi,IT,employee,2026-05-19,2026-05-25T21:00:00,false
E20046,Priya Pillai,priyapillai,disabled,priyapillai,active,priya.pillai@gmail.com,disabled,Neha Joshi,HR,employee,2026-05-12,2026-06-04T02:00:00,false
E20047,Aniket Raman,aniketraman,disabled,aniketraman,active,aniket.raman@yahoo.com,disabled,Vivaan Das,Finance,employee,2026-05-01,2026-05-21T14:00:00,false
E20048,Ishaan Das,ishaandas,disabled,ishaandas,active,ishaan.das@gmail.com,disabled,Siddharth Naidu,Engineering,employee,2026-05-12,2026-06-02T17:00:00,false
E20049,Sanjay Shetty,sanjayshetty,disabled,sanjayshetty,active,sanjay.shetty@yahoo.com,disabled,Divya Das,Data,employee,2026-04-22,2026-05-12T21:00:00,false
E20050,Ishaan Patel,ishaanpatel,disabled,ishaanpatel,active,ishaan.patel@yahoo.com,disabled,Suresh Rajan,Engineering,employee,2026-05-01,2026-05-26T23:00:00,false
E30001,Pari Deshmukh,parideshmukh,active,parideshmukh,active,pari.deshmukh@hotmail.com,active,Aanya Chauhan,Data,employee,,2026-05-31T04:00:00,false
E30002,Nikhil Nair,nikhilnair,active,nikhilnair,active,nikhil.nair@yahoo.com,active,Divya Chakraborty,Engineering,contractor,,2026-05-27T10:00:00,false
E30003,Pooja Pandey,poojapandey,active,poojapandey,active,pooja.pandey@gmail.com,active,Amit Rajan,IT,employee,,2026-06-12T11:00:00,false
E30004,Kavya Verma,kavyaverma,active,kavyaverma,active,kavya.verma@hotmail.com,active,Aditya Bhat,Engineering,contractor,,2026-04-27T19:00:00,false
E30005,Sneha Shah,snehashah,active,snehashah,active,sneha.shah@yahoo.com,active,Gaurav Menon,Data,employee,,2026-05-19T14:00:00,false
E30006,Rahul Singh,rahulsingh,active,rahulsingh,active,rahul.singh@hotmail.com,active,Priya Pandey,IT,employee,,2026-06-12T10:00:00,false
E30007,Lakshmi Reddy,lakshmireddy,active,lakshmireddy,active,lakshmi.reddy@gmail.com,active,Aarav Chatterjee,IT,employee,,2026-06-11T18:00:00,false
E30008,Amit Rajan,amitrajan,active,amitrajan,active,amit.rajan@yahoo.com,active,Aniket Hegde,Engineering,contractor,,2026-05-14T21:00:00,false
E30009,Rahul Shetty,rahulshetty,active,rahulshetty,active,rahul.shetty@gmail.com,active,Suresh Menon,Data,contractor,,2026-05-16T21:00:00,false
E30010,Neha Banerjee,nehabanerjee,active,nehabanerjee,active,neha.banerjee@hotmail.com,active,Naveen Subramaniam,Data,contractor,,2026-05-10T20:00:00,false
E30011,Varun Nair,varunnair,active,varunnair,active,varun.nair@yahoo.com,active,Ramesh Singh,IT,employee,,2026-05-29T00:00:00,false
E30012,Gaurav Naidu,gauravnaidu,active,gauravnaidu,active,gaurav.naidu@hotmail.com,active,Nandini Singh,IT,employee,,2026-05-21T10:00:00,false
E30013,Ira Das,iradas,disabled,,,ira.das@hotmail.com,disabled,Suresh Gupta,IT,contractor,2026-02-06,2026-05-15T02:00:00,false
E30014,Siddharth Raman,siddharthraman,active,siddharthraman,active,siddharth.raman@yahoo.com,active,Aishwarya Pillai,Engineering,contractor,,2026-06-08T08:00:00,false
E30015,Nikhil Tiwari,nikhiltiwari,active,nikhiltiwari,active,nikhil.tiwari@hotmail.com,active,Ishaan Subramaniam,Data,employee,,2026-05-24T05:00:00,false
E30016,Rohan Singh,rohansingh,active,rohansingh,active,rohan.singh@gmail.com,active,Arnav Kamath,Data,employee,,2026-04-27T09:00:00,false
E30017,Krishna Kulkarni,krishnakulkarni,disabled,,,krishna.kulkarni@hotmail.com,disabled,Priya Joshi,Data,employee,2026-05-05,2026-05-18T21:00:00,false
E30018,Vikram Shetty,vikramshetty,active,vikramshetty,active,vikram.shetty@gmail.com,active,Ayaan Hegde,Engineering,contractor,,2026-05-18T20:00:00,false
E30019,Tejas Patel,tejaspatel,active,tejaspatel,active,tejas.patel@gmail.com,active,Arnav Sengupta,Engineering,contractor,,2026-05-14T06:00:00,false
E30020,Kavya Krishnan,kavyakrishnan,active,kavyakrishnan,active,kavya.krishnan@hotmail.com,active,Prakash Hegde,IT,employee,,2026-06-04T22:00:00,false
E30021,Pooja Chauhan,poojachauhan,active,poojachauhan,active,pooja.chauhan@gmail.com,active,Pooja Mehta,Data,contractor,2026-04-01,2026-06-08T17:00:00,false
E30022,Neha Hegde,nehahegde,disabled,,,neha.hegde@yahoo.com,disabled,Harsh Bhat,Engineering,employee,2026-04-04,2026-04-20T03:00:00,false
E30023,Amit Hegde,amithegde,active,amithegde,active,amit.hegde@gmail.com,active,Tanvi Joshi,Engineering,employee,,2026-05-06T16:00:00,false
E30024,Aryan Gupta,aryangupta,active,aryangupta,active,aryan.gupta@gmail.com,active,Arjun Ghosh,IT,employee,,2026-06-06T22:00:00,false
E30025,Ramesh Shah,rameshshah,active,rameshshah,active,ramesh.shah@gmail.com,active,Aditi Mukherjee,Engineering,contractor,,2026-04-22T19:00:00,false
E30026,Neha Singh,nehasingh,disabled,,,neha.singh@yahoo.com,disabled,Ishaan Naidu,Engineering,employee,2026-04-10,2026-04-20T03:00:00,false
E30027,Aditi Menon,aditimenon,active,aditimenon,active,aditi.menon@yahoo.com,active,Rudra Krishnan,IT,contractor,,2026-04-28T03:00:00,false
E30028,Kiara Pillai,kiarapillai,active,kiarapillai,active,kiara.pillai@yahoo.com,active,Vihaan Sengupta,Data,contractor,,2026-05-25T05:00:00,false
E30029,Prakash Shetty,prakashshetty,active,prakashshetty,active,prakash.shetty@hotmail.com,active,Varun Gupta,Data,employee,,2026-05-26T09:00:00,false
E30030,Varun Mishra,varunmishra,active,varunmishra,active,varun.mishra@yahoo.com,active,Ramesh Ghosh,IT,employee,,2026-06-05T11:00:00,false
E30031,Gaurav Sengupta,gauravsengupta,active,gauravsengupta,active,gaurav.sengupta@gmail.com,active,Sneha Gupta,IT,employee,,2026-06-01T10:00:00,false
E30032,Aditi Pillai,aditipillai,active,aditipillai,active,aditi.pillai@yahoo.com,active,Tanvi Iyer,Data,employee,,2026-06-02T21:00:00,false
E30033,Myra Chakraborty,myrachakraborty,disabled,,,myra.chakraborty@yahoo.com,disabled,Aishwarya Kulkarni,Engineering,contractor,2026-02-21,2026-06-01T22:00:00,false
E30034,Myra Joshi,myrajoshi,active,myrajoshi,active,myra.joshi@gmail.com,active,Aarav Bhat,IT,employee,,2026-06-06T07:00:00,false
E30035,Vihaan Rao,vihaanrao,active,vihaanrao,active,vihaan.rao@hotmail.com,active,Ira Ghosh,Engineering,employee,,2026-06-03T16:00:00,false
E30036,Ramesh Mukherjee,rameshmukherjee,active,rameshmukherjee,active,ramesh.mukherjee@yahoo.com,active,Mahesh Rajan,Engineering,employee,2026-05-20,2026-05-13T06:00:00,false
E30037,Ananya Sengupta,ananyasengupta,active,ananyasengupta,active,ananya.sengupta@hotmail.com,active,Pooja Krishnan,Engineering,employee,,2026-06-11T09:00:00,false
E30038,Dhruv Raman,dhruvraman,disabled,,,dhruv.raman@hotmail.com,disabled,Ishaan Menon,Data,employee,2026-02-18,2026-06-05T22:00:00,false
E30039,Lakshmi Mishra,lakshmimishra,disabled,,,lakshmi.mishra@hotmail.com,disabled,Ashok Banerjee,Data,employee,2025-12-19,2026-06-08T02:00:00,false
E30040,Vinod Joshi,vinodjoshi,active,vinodjoshi,active,vinod.joshi@gmail.com,active,Ashok Pandey,IT,employee,,2026-06-08T14:00:00,false
E50001,Kavya Yadav,kavyayadav,active,kavyayadav,active,kavya.yadav@hotmail.com,active,Mahesh Nair,Sales,employee,2026-04-15,2026-06-18T11:00:00,false
E50002,Rudra Tiwari,rudratiwari,active,rudratiwari,active,rudra.tiwari@hotmail.com,active,Anand Iyer,Security,employee,,2026-06-10T15:00:00,false
E50003,Dhruv Kumar,dhruvkumar,disabled,,,dhruv.kumar@gmail.com,disabled,Kabir Bhat,Security,employee,2026-04-02,2026-06-13T07:00:00,false
E50004,Tejas Bhat,tejasbhat,active,tejasbhat,active,tejas.bhat@hotmail.com,active,Shreya Kumar,IT,employee,,2026-06-17T06:00:00,false
E50005,Ramesh Krishnan,rameshkrishnan,active,rameshkrishnan,active,ramesh.krishnan@hotmail.com,active,Rahul Yadav,Security,employee,2026-05-06,2026-06-14T06:00:00,false
E50006,Rohan Bhat,rohanbhat,active,rohanbhat,active,rohan.bhat@gmail.com,active,Anand Raman,Legal,employee,,2026-06-13T16:00:00,false
E50007,Gaurav Mukherjee,gauravmukherjee,active,gauravmukherjee,active,gaurav.mukherjee@gmail.com,active,Sai Joshi,IT,employee,,2026-06-20T00:00:00,false
E50008,Amit Chauhan,amitchauhan,active,amitchauhan,active,amit.chauhan@yahoo.com,active,Aniket Mishra,Sales,employee,,2026-06-16T08:00:00,false
E50009,Aditya Krishnan,adityakrishnan,disabled,,,aditya.krishnan@yahoo.com,disabled,Meera Das,Finance,employee,2026-03-26,2026-06-13T02:00:00,false
E50010,Ashok Yadav,ashokyadav,active,ashokyadav,active,ashok.yadav@yahoo.com,active,Deepak Pillai,Finance,employee,,2026-06-10T12:00:00,false
E50011,Kabir Mukherjee,kabirmukherjee,active,kabirmukherjee,active,kabir.mukherjee@hotmail.com,active,Nandini Kumar,HR,employee,,2026-06-17T17:00:00,false
E50012,Amit Krishnan,amitkrishnan,active,amitkrishnan,active,amit.krishnan@hotmail.com,active,Lakshmi Kamath,Legal,employee,,2026-06-18T09:00:00,false
E50013,Prakash Rajan,prakashrajan,active,prakashrajan,active,prakash.rajan@hotmail.com,active,Ayaan Yadav,Engineering,employee,2026-04-18,2026-06-18T04:00:00,false
E50014,Saanvi Kamath,saanvikamath,active,saanvikamath,active,saanvi.kamath@gmail.com,active,Siddharth Iyer,Legal,employee,,2026-06-14T02:00:00,false
E50015,Sanjay Mukherjee,sanjaymukherjee,active,sanjaymukherjee,active,sanjay.mukherjee@hotmail.com,active,Aditi Yadav,Sales,employee,,2026-06-13T11:00:00,false
E50016,Kunal Hegde,kunalhegde,active,kunalhegde,active,kunal.hegde@yahoo.com,active,Siddharth Singh,IT,employee,,2026-06-09T20:00:00,false
E50017,Arnav Singh,arnavsingh,active,arnavsingh,active,arnav.singh@gmail.com,active,Karthik Chauhan,Sales,employee,,2026-06-19T13:00:00,false
E50018,Ishaan Hegde,ishaanhegde,disabled,,,ishaan.hegde@gmail.com,disabled,Arjun Singh,Finance,employee,2025-12-27,2026-06-17T05:00:00,false
E50019,Aditi Kulkarni,aditikulkarni,active,aditikulkarni,active,aditi.kulkarni@gmail.com,active,Priya Rajan,Legal,employee,,2026-06-16T15:00:00,false
E50020,Ramesh Patel,rameshpatel,active,rameshpatel,active,ramesh.patel@yahoo.com,active,Varun Deshmukh,HR,employee,,2026-06-12T13:00:00,false
E50021,Vinod Banerjee,vinodbanerjee,active,vinodbanerjee,active,vinod.banerjee@yahoo.com,active,Deepak Menon,Sales,employee,,2026-06-12T13:00:00,false
E50022,Ananya Verma,ananyaverma,active,ananyaverma,active,ananya.verma@yahoo.com,active,Aryan Singh,Security,employee,,2026-06-17T23:00:00,false
E50023,Aarav Menon,aaravmenon,active,aaravmenon,active,aarav.menon@gmail.com,active,Kavya Desai,Engineering,employee,,2026-06-11T01:00:00,false
E50024,Ira Tiwari,iratiwari,active,iratiwari,active,ira.tiwari@gmail.com,active,Krishna Reddy,Legal,employee,,2026-06-10T07:00:00,false
E50025,Aarav Sengupta,aaravsengupta,active,aaravsengupta,active,aarav.sengupta@hotmail.com,active,Ira Das,Security,employee,,2026-06-09T03:00:00,false
E50026,Kunal Yadav,kunalyadav,active,kunalyadav,active,kunal.yadav@hotmail.com,active,Aditya Kumar,IT,employee,,2026-06-14T17:00:00,false
E50027,Shreya Shah,shreyashah,active,shreyashah,active,shreya.shah@yahoo.com,active,Naveen Shah,Legal,employee,,2026-06-18T02:00:00,false
E50028,Divya Banerjee,divyabanerjee,disabled,,,divya.banerjee@gmail.com,disabled,Mahesh Deshmukh,Data,employee,2026-01-21,2026-06-16T15:00:00,false
SVC0001,Rajesh Rajan,rajeshrajan,active,rajeshrajan,active,rajesh.rajan@hotmail.com,active,,Data,service_account,,2026-06-15T16:00:00,false
SVC0002,Divya Rajan,divyarajan,active,divyarajan,active,divya.rajan@yahoo.com,active,,Data,service_account,,2026-06-17T05:00:00,false
SVC0003,Sanjay Gupta,sanjaygupta,active,sanjaygupta,active,sanjay.gupta@yahoo.com,active,,Engineering,service_account,,2026-06-16T06:00:00,false
SVC0004,Harsh Kamath,harshkamath,active,harshkamath,active,harsh.kamath@hotmail.com,active,,Data,service_account,,2026-06-15T12:00:00,false
SVC0005,Rudra Rao,rudrarao,active,rudrarao,active,rudra.rao@yahoo.com,active,,Engineering,service_account,,2026-06-14T14:00:00,false
SVC0006,Rudra Mehta,rudramehta,active,rudramehta,active,rudra.mehta@gmail.com,active,,Engineering,service_account,,2026-06-17T10:00:00,false
SVC0007,Ishaan Rao,ishaanrao,active,ishaanrao,active,ishaan.rao@yahoo.com,active,,Data,service_account,,2026-06-18T07:00:00,false
SVC0008,Rahul Kamath,rahulkamath,active,rahulkamath,active,rahul.kamath@gmail.com,active,,Engineering,service_account,,2026-06-18T04:00:00,false
SVC0009,Sai Verma,saiverma,active,saiverma,active,sai.verma@gmail.com,active,,Engineering,service_account,,2026-06-16T05:00:00,false
SVC0010,Ishaan Iyer,ishaaniyer,active,ishaaniyer,active,ishaan.iyer@hotmail.com,active,,Engineering,service_account,,2026-06-15T20:00:00,false
SVC0011,Ira Krishnan,irakrishnan,active,irakrishnan,active,ira.krishnan@hotmail.com,active,,Engineering,service_account,,2026-06-17T12:00:00,false
SVC0012,Amit Shetty,amitshetty,active,amitshetty,active,amit.shetty@hotmail.com,active,,Data,service_account,,2026-06-18T18:00:00,false
SVC0013,Varun Deshmukh,varundeshmukh,active,varundeshmukh,active,varun.deshmukh@yahoo.com,active,,Data,service_account,,2026-06-15T18:00:00,false
SVC0014,Shreya Bose,shreyabose,active,shreyabose,active,shreya.bose@hotmail.com,active,,Data,service_account,,2026-06-19T23:00:00,false
SVC0015,Rahul Pandey,rahulpandey,active,rahulpandey,active,rahul.pandey@hotmail.com,active,,Data,service_account,,2026-06-14T06:00:00,false
SVC0016,Riya Ghosh,riyaghosh,active,riyaghosh,active,riya.ghosh@yahoo.com,active,,Engineering,service_account,,2026-06-14T05:00:00,false
E60001,Ramesh Naidu,rameshnaidu,active,rameshnaidu,active,ramesh.naidu@hotmail.com,active,Suresh Desai,IT,employee,,2026-06-16T01:00:00,false
E60002,Arnav Kamath,arnavkamath,active,arnavkamath,active,arnav.kamath@yahoo.com,active,Manish Krishnan,Security,employee,,2026-06-17T07:00:00,true
E60003,Pooja Joshi,poojajoshi,active,poojajoshi,active,pooja.joshi@yahoo.com,active,Pooja Hegde,Security,employee,,2026-06-16T14:00:00,true
E60004,Harsh Kumar,harshkumar,disabled,,,harsh.kumar@gmail.com,disabled,Nikhil Hegde,IT,employee,2026-01-15,2026-06-19T13:00:00,false
E60005,Isha Rao,isharao,active,isharao,active,isha.rao@gmail.com,active,Dhruv Sengupta,Security,employee,,2026-06-18T17:00:00,true
E60006,Mahesh Pillai,maheshpillai,active,maheshpillai,active,mahesh.pillai@hotmail.com,active,Varun Sharma,Security,employee,,2026-06-18T11:00:00,true
E60007,Ayaan Menon,ayaanmenon,active,ayaanmenon,active,ayaan.menon@yahoo.com,active,Pari Chatterjee,Security,employee,,2026-06-19T19:00:00,true
E60008,Arjun Sharma,arjunsharma,disabled,,,arjun.sharma@gmail.com,disabled,Pooja Das,Security,employee,2026-03-30,2026-06-17T15:00:00,true
E60009,Kabir Singh,kabirsingh,active,kabirsingh,active,kabir.singh@gmail.com,active,Rahul Krishnan,IT,employee,,2026-06-19T00:00:00,false
E60010,Lakshmi Menon,lakshmimenon,active,lakshmimenon,active,lakshmi.menon@gmail.com,active,Rajesh Pillai,IT,employee,,2026-06-16T14:00:00,false
E60011,Vivaan Deshmukh,vivaandeshmukh,active,vivaandeshmukh,active,vivaan.deshmukh@gmail.com,active,Aditi Kulkarni,Security,employee,,2026-06-19T10:00:00,true
E60012,Ananya Joshi,ananyajoshi,disabled,,,ananya.joshi@hotmail.com,disabled,Varun Subramaniam,IT,employee,2026-06-07,2026-06-17T11:00:00,false
E60013,Vinod Mukherjee,vinodmukherjee,active,vinodmukherjee,active,vinod.mukherjee@gmail.com,active,Aditi Nair,IT,employee,,2026-06-19T23:00:00,false
E60014,Sanjay Reddy,sanjayreddy,active,sanjayreddy,active,sanjay.reddy@hotmail.com,active,Diya Ghosh,Security,employee,,2026-06-16T23:00:00,true
E60015,Divya Verma,divyaverma,disabled,,,divya.verma@yahoo.com,disabled,Harsh Deshmukh,Security,employee,2026-02-22,2026-06-18T06:00:00,true
E60016,Mahesh Gupta,maheshgupta,active,maheshgupta,active,mahesh.gupta@hotmail.com,active,Priya Tiwari,IT,employee,,2026-06-16T13:00:00,false
E60017,Nandini Reddy,nandinireddy,active,nandinireddy,active,nandini.reddy@gmail.com,active,Manish Chatterjee,IT,employee,,2026-06-18T01:00:00,false
E60018,Arnav Joshi,arnavjoshi,active,arnavjoshi,active,arnav.joshi@yahoo.com,active,Anika Krishnan,IT,employee,,2026-06-17T18:00:00,false
E60019,Diya Nair,diyanair,active,diyanair,active,diya.nair@yahoo.com,active,Aryan Chakraborty,IT,employee,,2026-06-19T17:00:00,false
E60020,Neha Joshi,nehajoshi,active,nehajoshi,active,neha.joshi@hotmail.com,active,Meera Das,Security,employee,,2026-06-17T17:00:00,true
E60021,Anand Bose,anandbose,active,anandbose,active,anand.bose@yahoo.com,active,Amit Iyer,Security,employee,,2026-06-16T08:00:00,true
E60022,Ananya Shetty,ananyashetty,active,ananyashetty,active,ananya.shetty@hotmail.com,active,Nikhil Krishnan,Security,employee,,2026-06-16T11:00:00,true
E60023,Vinod Yadav,vinodyadav,active,vinodyadav,active,vinod.yadav@yahoo.com,active,Karthik Chatterjee,Security,employee,,2026-06-19T16:00:00,true
E60024,Diya Singh,diyasingh,active,diyasingh,active,diya.singh@hotmail.com,active,Pooja Sharma,IT,employee,,2026-06-19T01:00:00,false
E60025,Ira Bose,irabose,active,irabose,active,ira.bose@gmail.com,active,Lakshmi Hegde,Security,employee,,2026-06-17T15:00:00,true
E60026,Diya Yadav,diyayadav,active,diyayadav,active,diya.yadav@hotmail.com,active,Meera Tiwari,Security,employee,,2026-06-18T01:00:00,true
E60027,Anika Raman,anikaraman,active,anikaraman,active,anika.raman@hotmail.com,active,Shreya Deshmukh,Security,employee,,2026-06-16T10:00:00,true
E60028,Ayaan Mukherjee,ayaanmukherjee,active,ayaanmukherjee,active,ayaan.mukherjee@gmail.com,active,Arjun Nair,Security,employee,,2026-06-20T00:00:00,true
E60029,Ashok Yadav,ashokyadav,active,ashokyadav,active,ashok.yadav@hotmail.com,active,Ayaan Sengupta,Security,employee,,2026-06-16T03:00:00,true
E60030,Priya Verma,priyaverma,active,priyaverma,active,priya.verma@hotmail.com,active,Deepak Shah,Security,employee,,2026-06-18T17:00:00,true
E60031,Rajesh Krishnan,rajeshkrishnan,active,rajeshkrishnan,active,rajesh.krishnan@yahoo.com,active,Anika Joshi,IT,employee,,2026-06-19T04:00:00,false
E60032,Vivaan Patel,vivaanpatel,active,vivaanpatel,active,vivaan.patel@hotmail.com,active,Rohan Raman,IT,employee,,2026-06-17T06:00:00,false
E60033,Sai Nair,sainair,active,sainair,active,sai.nair@yahoo.com,active,Sneha Chatterjee,IT,employee,,2026-06-19T19:00:00,false
E60034,Ishaan Shetty,ishaanshetty,active,ishaanshetty,active,ishaan.shetty@gmail.com,active,Rahul Das,IT,employee,,2026-06-16T03:00:00,false
E60035,Nandini Iyer,nandiniiyer,active,nandiniiyer,active,nandini.iyer@yahoo.com,active,Aryan Chauhan,IT,employee,,2026-06-17T05:00:00,false
E60036,Vinod Raman,vinodraman,active,vinodraman,active,vinod.raman@yahoo.com,active,Pari Kumar,Security,employee,,2026-06-16T19:00:00,true
E60037,Isha Naidu,ishanaidu,active,ishanaidu,active,isha.naidu@gmail.com,active,Arnav Naidu,Security,employee,,2026-06-17T13:00:00,true
E60038,Tejas Chauhan,tejaschauhan,active,tejaschauhan,active,tejas.chauhan@yahoo.com,active,Vinod Bose,Security,employee,,2026-06-16T21:00:00,true
E60039,Suresh Mishra,sureshmishra,active,sureshmishra,active,suresh.mishra@gmail.com,active,Rohan Bose,Security,employee,,2026-06-18T03:00:00,true
E60040,Deepak Bhat,deepakbhat,disabled,,,deepak.bhat@hotmail.com,disabled,Ramesh Shetty,IT,employee,2026-02-18,2026-06-17T16:00:00,false
E60041,Pooja Sharma,poojasharma,disabled,,,pooja.sharma@hotmail.com,disabled,Harsh Singh,Security,employee,2026-01-17,2026-06-16T14:00:00,true
E60042,Meera Shah,meerashah,active,meerashah,active,meera.shah@yahoo.com,active,Harsh Kamath,IT,employee,,2026-06-16T06:00:00,false
E60043,Tejas Bose,tejasbose,active,tejasbose,active,tejas.bose@hotmail.com,active,Vihaan Krishnan,IT,employee,,2026-06-18T10:00:00,false
E60044,Pooja Kulkarni,poojakulkarni,active,poojakulkarni,active,pooja.kulkarni@gmail.com,active,Kavya Naidu,Security,employee,,2026-06-16T22:00:00,true
E60045,Arjun Yadav,arjunyadav,active,arjunyadav,active,arjun.yadav@hotmail.com,active,Rohan Pillai,Security,employee,,2026-06-17T19:00:00,true
E60046,Riya Joshi,riyajoshi,active,riyajoshi,active,riya.joshi@gmail.com,active,Ananya Rajan,Security,employee,,2026-06-16T03:00:00,true
E60047,Rohan Reddy,rohanreddy,active,rohanreddy,active,rohan.reddy@hotmail.com,active,Nikhil Kumar,Security,employee,,2026-06-16T18:00:00,true
E60048,Krishna Shetty,krishnashetty,disabled,,,krishna.shetty@yahoo.com,disabled,Sai Reddy,IT,employee,2025-12-27,2026-06-19T03:00:00,false
E60049,Anand Krishnan,anandkrishnan,active,anandkrishnan,active,anand.krishnan@hotmail.com,active,Pari Pandey,Security,employee,,2026-06-18T04:00:00,true
E60050,Aarav Desai,aaravdesai,active,aaravdesai,active,aarav.desai@hotmail.com,active,Diya Bhat,Security,employee,,2026-06-19T06:00:00,true
E60051,Gaurav Mukherjee,gauravmukherjee,active,gauravmukherjee,active,gaurav.mukherjee@hotmail.com,active,Meera Chakraborty,Security,employee,,2026-06-16T06:00:00,true
E60052,Rohan Rao,rohanrao,active,rohanrao,active,rohan.rao@gmail.com,active,Meera Reddy,Security,employee,,2026-06-19T19:00:00,true
E60053,Tejas Raman,tejasraman,active,tejasraman,active,tejas.raman@gmail.com,active,Manish Bose,Security,employee,,2026-06-17T20:00:00,true
E60054,Kunal Bose,kunalbose,active,kunalbose,active,kunal.bose@yahoo.com,active,Amit Tiwari,IT,employee,,2026-06-16T02:00:00,false
E60055,Sneha Joshi,snehajoshi,active,snehajoshi,active,sneha.joshi@gmail.com,active,Priya Patel,Security,employee,,2026-06-16T07:00:00,true
E60056,Sanjay Chatterjee,sanjaychatterjee,active,sanjaychatterjee,active,sanjay.chatterjee@hotmail.com,active,Myra Chauhan,IT,employee,,2026-06-18T15:00:00,false
E60057,Ira Desai,iradesai,active,iradesai,active,ira.desai@hotmail.com,active,Nandini Sengupta,Security,employee,,2026-06-18T05:00:00,true
E60058,Vikram Kamath,vikramkamath,active,vikramkamath,active,vikram.kamath@gmail.com,active,Neha Hegde,IT,employee,,2026-06-19T20:00:00,false
E60059,Nikhil Kamath,nikhilkamath,active,nikhilkamath,active,nikhil.kamath@hotmail.com,active,Anika Pandey,Security,employee,,2026-06-17T04:00:00,true
E60060,Kiara Krishnan,kiarakrishnan,active,kiarakrishnan,active,kiara.krishnan@yahoo.com,active,Gaurav Kamath,IT,employee,,2026-06-19T01:00:00,false
E60061,Anand Desai,ananddesai,disabled,,,anand.desai@yahoo.com,disabled,Amit Bhat,Security,employee,2026-05-17,2026-06-17T07:00:00,true
E60062,Ashok Verma,ashokverma,active,ashokverma,active,ashok.verma@gmail.com,active,Rudra Patel,Security,employee,,2026-06-19T11:00:00,true
E60063,Aditi Deshmukh,aditideshmukh,active,aditideshmukh,active,aditi.deshmukh@gmail.com,active,Rohan Yadav,Security,employee,,2026-06-18T23:00:00,true
E60064,Myra Subramaniam,myrasubramaniam,active,myrasubramaniam,active,myra.subramaniam@yahoo.com,active,Ishaan Rao,Security,employee,,2026-06-17T00:00:00,true
E60065,Pari Mishra,parimishra,active,parimishra,active,pari.mishra@yahoo.com,active,Karthik Pillai,Security,employee,,2026-06-17T15:00:00,true
E60066,Nandini Desai,nandinidesai,active,nandinidesai,active,nandini.desai@gmail.com,active,Siddharth Tiwari,Security,employee,,2026-06-16T18:00:00,true
E60067,Anand Kamath,anandkamath,active,anandkamath,active,anand.kamath@gmail.com,active,Varun Kulkarni,Security,employee,,2026-06-19T17:00:00,true
E60068,Saanvi Pandey,saanvipandey,active,saanvipandey,active,saanvi.pandey@gmail.com,active,Neha Iyer,Security,employee,,2026-06-16T12:00:00,true
E10001,Ramesh Yadav,rameshyadav,active,,,ramesh.yadav@hotmail.com,active,Mahesh Nair,Sales,employee,,2026-06-11T18:00:00,false
E10002,Priya Banerjee,priyabanerjee,active,priyabanerjee,active,priya.banerjee@gmail.com,active,Anand Pandey,Data,employee,,2026-05-31T20:00:00,false
E10003,Krishna Shetty,krishnashetty,active,krishnashetty,active,krishna.shetty@gmail.com,active,Ira Iyer,Data,employee,,2026-06-16T10:00:00,false
E10004,Manish Reddy,manishreddy,active,manishreddy,active,manish.reddy@hotmail.com,active,Varun Sharma,Engineering,employee,,2026-06-03T08:00:00,false
E10005,Anand Bhat,anandbhat,active,anandbhat,active,anand.bhat@yahoo.com,active,Riya Das,Finance,employee,,2026-06-03T13:00:00,false
E10006,Aarav Gupta,aaravgupta,active,aaravgupta,active,aarav.gupta@gmail.com,active,Anika Gupta,Engineering,employee,,2026-06-15T19:00:00,false
E10007,Reyansh Shah,reyanshshah,disabled,,,reyansh.shah@hotmail.com,disabled,Sai Pandey,HR,employee,2026-06-09,2026-05-26T15:00:00,false
E10008,Anika Krishnan,anikakrishnan,active,anikakrishnan,active,anika.krishnan@gmail.com,active,Amit Mehta,Security,employee,,2026-06-12T20:00:00,false
E10009,Arnav Shetty,arnavshetty,disabled,,,arnav.shetty@gmail.com,disabled,Diya Mukherjee,Finance,employee,2026-04-26,2026-06-18T20:00:00,false
E10010,Rohan Ghosh,rohanghosh,disabled,,,rohan.ghosh@hotmail.com,disabled,Varun Pandey,Finance,employee,2026-04-20,2026-06-06T03:00:00,false
E10011,Vinod Bhat,vinodbhat,active,,,vinod.bhat@yahoo.com,active,Ishaan Mehta,HR,employee,,2026-06-16T19:00:00,false
E10012,Riya Reddy,riyareddy,active,riyareddy,active,riya.reddy@hotmail.com,active,Rahul Shetty,Finance,employee,,2026-06-18T18:00:00,false
E10013,Tanvi Pandey,tanvipandey,active,,,tanvi.pandey@gmail.com,active,Pooja Deshmukh,Engineering,employee,,2026-06-07T10:00:00,false
E10014,Aanya Pandey,aanyapandey,disabled,,,aanya.pandey@yahoo.com,disabled,Rohan Ghosh,Security,employee,2026-05-05,2026-06-18T00:00:00,false
E10015,Aniket Menon,aniketmenon,active,,,aniket.menon@hotmail.com,active,Rudra Gupta,Security,employee,,2026-05-21T06:00:00,false
E10016,Tejas Bhat,tejasbhat,active,tejasbhat,active,tejas.bhat@hotmail.com,active,Vinod Naidu,IT,employee,2026-05-20,2026-06-12T04:00:00,false
E10017,Naveen Iyer,naveeniyer,active,,,naveen.iyer@yahoo.com,active,Sneha Mishra,Finance,employee,,2026-05-22T08:00:00,false
E10018,Lakshmi Mishra,lakshmimishra,active,,,lakshmi.mishra@gmail.com,active,Tejas Verma,IT,employee,,2026-05-22T16:00:00,false
E10019,Ira Bhat,irabhat,active,irabhat,active,ira.bhat@hotmail.com,active,Ananya Das,Engineering,employee,,2026-05-24T19:00:00,false
E10020,Nikhil Das,nikhildas,active,nikhildas,active,nikhil.das@hotmail.com,active,Amit Chatterjee,HR,employee,2026-04-24,2026-06-17T23:00:00,false
E10021,Manish Kamath,manishkamath,active,manishkamath,active,manish.kamath@hotmail.com,active,Aditya Naidu,Engineering,employee,,2026-05-26T21:00:00,false
E10022,Lakshmi Rao,lakshmirao,active,,,lakshmi.rao@gmail.com,active,Deepak Raman,Sales,employee,,2026-05-20T07:00:00,false
E10023,Manish Mishra,manishmishra,active,,,manish.mishra@hotmail.com,active,Neha Rao,IT,employee,,2026-05-28T06:00:00,false
E10024,Ananya Das,ananyadas,active,,,ananya.das@yahoo.com,active,Amit Naidu,Finance,employee,,2026-06-08T14:00:00,false
E10025,Aishwarya Rajan,aishwaryarajan,active,,,aishwarya.rajan@yahoo.com,active,Riya Desai,Engineering,employee,,2026-06-11T21:00:00,false
E10026,Arnav Kumar,arnavkumar,active,arnavkumar,active,arnav.kumar@hotmail.com,active,Aryan Subramaniam,Data,employee,,2026-05-29T17:00:00,false
E10027,Arjun Hegde,arjunhegde,disabled,,,arjun.hegde@hotmail.com,disabled,Meera Deshmukh,Engineering,employee,2026-05-23,2026-06-14T12:00:00,false
E10028,Karthik Singh,karthiksingh,active,,,karthik.singh@yahoo.com,active,Vihaan Chauhan,Legal,employee,,2026-05-22T11:00:00,false
E10029,Priya Shetty,priyashetty,active,priyashetty,active,priya.shetty@yahoo.com,active,Aryan Iyer,HR,employee,,2026-06-04T20:00:00,false
E10030,Vihaan Desai,vihaandesai,disabled,,,vihaan.desai@hotmail.com,disabled,Neha Menon,Sales,employee,2026-04-10,2026-06-07T09:00:00,false
E10031,Kunal Shah,kunalshah,active,,,kunal.shah@yahoo.com,active,Arnav Yadav,Security,employee,,2026-06-05T10:00:00,false
E10032,Nandini Chatterjee,nandinichatterjee,disabled,,,nandini.chatterjee@gmail.com,disabled,Pari Bose,Data,employee,2026-05-09,2026-06-06T07:00:00,false
E10033,Mahesh Shetty,maheshshetty,active,maheshshetty,active,mahesh.shetty@gmail.com,active,Harsh Gupta,Finance,employee,,2026-05-25T06:00:00,false
E10034,Vinod Shah,vinodshah,active,vinodshah,active,vinod.shah@gmail.com,active,Myra Mehta,Sales,employee,,2026-05-29T11:00:00,false
E10035,Lakshmi Bhat,lakshmibhat,active,lakshmibhat,active,lakshmi.bhat@gmail.com,active,Vivaan Sengupta,Legal,employee,,2026-06-16T11:00:00,false
E10036,Nandini Tiwari,nandinitiwari,disabled,,,nandini.tiwari@yahoo.com,disabled,Kunal Raman,IT,employee,2026-06-05,2026-06-14T16:00:00,false
E10037,Rajesh Gupta,rajeshgupta,active,rajeshgupta,active,rajesh.gupta@gmail.com,active,Aishwarya Kulkarni,Data,employee,,2026-06-11T13:00:00,false
E10038,Divya Bhat,divyabhat,disabled,,,divya.bhat@hotmail.com,disabled,Aryan Joshi,Legal,employee,2026-05-07,2026-06-05T14:00:00,false
E10039,Saanvi Rajan,saanvirajan,active,saanvirajan,active,saanvi.rajan@hotmail.com,active,Suresh Raman,HR,employee,,2026-05-24T23:00:00,false
E10040,Saanvi Mehta,saanvimehta,active,saanvimehta,active,saanvi.mehta@gmail.com,active,Anika Gupta,Engineering,employee,,2026-05-28T18:00:00,false
E10041,Kiara Raman,kiararaman,disabled,,,kiara.raman@hotmail.com,disabled,Manish Subramaniam,Legal,employee,2026-01-02,2026-06-14T16:00:00,false
E10042,Ananya Desai,ananyadesai,active,,,ananya.desai@gmail.com,active,Suresh Banerjee,IT,employee,,2026-05-21T20:00:00,false
E10043,Ananya Deshmukh,ananyadeshmukh,active,ananyadeshmukh,active,ananya.deshmukh@gmail.com,active,Sneha Chauhan,IT,employee,,2026-06-05T16:00:00,false
E10044,Harsh Ghosh,harshghosh,active,harshghosh,active,harsh.ghosh@gmail.com,active,Aarav Banerjee,Finance,employee,,2026-05-31T05:00:00,false
E10045,Sneha Deshmukh,snehadeshmukh,active,snehadeshmukh,active,sneha.deshmukh@hotmail.com,active,Saanvi Naidu,IT,employee,,2026-05-25T05:00:00,false
E10046,Ramesh Pandey,rameshpandey,active,rameshpandey,active,ramesh.pandey@hotmail.com,active,Arjun Ghosh,Data,employee,,2026-06-09T01:00:00,false
E10047,Tejas Hegde,tejashegde,active,tejashegde,active,tejas.hegde@gmail.com,active,Mahesh Rao,Finance,employee,,2026-06-02T19:00:00,false
E10048,Aishwarya Yadav,aishwaryayadav,active,aishwaryayadav,active,aishwarya.yadav@gmail.com,active,Neha Krishnan,IT,employee,,2026-05-23T04:00:00,false
E10049,Rudra Mishra,rudramishra,active,,,rudra.mishra@gmail.com,active,Suresh Iyer,IT,employee,,2026-06-13T14:00:00,false
E10050,Manish Kamath,manishkamath,active,manishkamath,active,manish.kamath@gmail.com,active,Aarav Rajan,Engineering,employee,,2026-06-14T06:00:00,false
E10051,Karthik Rao,karthikrao,active,karthikrao,active,karthik.rao@yahoo.com,active,Anand Pandey,Data,employee,2026-05-10,2026-06-18T07:00:00,false
E10052,Anika Joshi,anikajoshi,disabled,,,anika.joshi@gmail.com,disabled,Divya Rao,Security,employee,2025-12-24,2026-06-10T19:00:00,false
E10053,Ashok Mukherjee,ashokmukherjee,active,ashokmukherjee,active,ashok.mukherjee@hotmail.com,active,Deepak Rao,Security,employee,,2026-06-13T19:00:00,false
E10054,Aditi Gupta,aditigupta,disabled,,,aditi.gupta@gmail.com,disabled,Kavya Chatterjee,Data,employee,2026-01-26,2026-06-18T03:00:00,false
E10055,Ramesh Rajan,rameshrajan,disabled,,,ramesh.rajan@yahoo.com,disabled,Rudra Bose,Data,employee,2026-03-29,2026-06-13T02:00:00,false
E10056,Dhruv Banerjee,dhruvbanerjee,disabled,,,dhruv.banerjee@hotmail.com,disabled,Priya Reddy,Finance,employee,2026-03-26,2026-05-31T18:00:00,false
E10057,Neha Patel,nehapatel,active,nehapatel,active,neha.patel@yahoo.com,active,Amit Desai,Engineering,employee,,2026-06-20T00:00:00,false
E10058,Aryan Deshmukh,aryandeshmukh,active,,,aryan.deshmukh@gmail.com,active,Ashok Hegde,HR,employee,,2026-05-24T19:00:00,false
E10059,Meera Chauhan,meerachauhan,active,meerachauhan,active,meera.chauhan@hotmail.com,active,Aryan Gupta,Finance,employee,,2026-06-14T14:00:00,false
E10060,Karthik Yadav,karthikyadav,active,karthikyadav,active,karthik.yadav@gmail.com,active,Tejas Reddy,Security,employee,,2026-06-11T12:00:00,false
E10061,Rahul Pillai,rahulpillai,active,,,rahul.pillai@hotmail.com,active,Naveen Das,Data,employee,,2026-06-07T13:00:00,false
E10062,Aniket Subramaniam,aniketsubramaniam,active,,,aniket.subramaniam@hotmail.com,active,Kabir Tiwari,Legal,employee,,2026-05-30T14:00:00,false
E10063,Shreya Mukherjee,shreyamukherjee,active,shreyamukherjee,active,shreya.mukherjee@hotmail.com,active,Deepak Kulkarni,Finance,employee,,2026-05-30T12:00:00,false
E10064,Rahul Banerjee,rahulbanerjee,active,rahulbanerjee,active,rahul.banerjee@yahoo.com,active,Amit Patel,Legal,employee,,2026-06-09T16:00:00,false
E10065,Rajesh Kulkarni,rajeshkulkarni,active,rajeshkulkarni,active,rajesh.kulkarni@gmail.com,active,Ashok Rajan,Finance,employee,,2026-05-23T09:00:00,false
E10066,Aditya Pillai,adityapillai,active,,,aditya.pillai@yahoo.com,active,Suresh Gupta,Data,employee,,2026-06-17T05:00:00,false
E10067,Reyansh Joshi,reyanshjoshi,active,reyanshjoshi,active,reyansh.joshi@yahoo.com,active,Aishwarya Bose,Legal,employee,,2026-05-28T03:00:00,false
E10068,Neha Bose,nehabose,disabled,,,neha.bose@gmail.com,disabled,Dhruv Gupta,Security,employee,2026-05-14,2026-05-24T02:00:00,false
E10069,Saanvi Singh,saanvisingh,disabled,,,saanvi.singh@gmail.com,disabled,Ramesh Gupta,Finance,employee,2026-02-08,2026-06-01T21:00:00,false
E10070,Deepak Ghosh,deepakghosh,active,deepakghosh,active,deepak.ghosh@gmail.com,active,Manish Ghosh,Legal,employee,,2026-06-16T12:00:00,false
E10071,Ramesh Chakraborty,rameshchakraborty,active,rameshchakraborty,active,ramesh.chakraborty@hotmail.com,active,Sneha Pandey,HR,employee,,2026-06-05T20:00:00,false
E10072,Pooja Bose,poojabose,active,poojabose,active,pooja.bose@yahoo.com,active,Myra Mehta,Security,employee,,2026-05-29T13:00:00,false
E10073,Manish Banerjee,manishbanerjee,disabled,,,manish.banerjee@yahoo.com,disabled,Kabir Kumar,Security,employee,2026-05-17,2026-05-20T03:00:00,false
E10074,Priya Chauhan,priyachauhan,active,,,priya.chauhan@yahoo.com,active,Dhruv Verma,Engineering,employee,2026-05-23,2026-06-18T18:00:00,false
E10075,Arjun Kumar,arjunkumar,active,arjunkumar,active,arjun.kumar@yahoo.com,active,Dhruv Sengupta,Legal,employee,,2026-05-23T17:00:00,false
E10076,Arnav Mishra,arnavmishra,active,arnavmishra,active,arnav.mishra@yahoo.com,active,Meera Bose,Data,employee,,2026-06-13T05:00:00,false
E10077,Kiara Ghosh,kiaraghosh,active,kiaraghosh,active,kiara.ghosh@hotmail.com,active,Saanvi Hegde,HR,employee,,2026-06-17T19:00:00,false
E10078,Kavya Sharma,kavyasharma,active,kavyasharma,active,kavya.sharma@gmail.com,active,Prakash Naidu,Security,employee,,2026-05-31T23:00:00,false
E10079,Tanvi Nair,tanvinair,active,tanvinair,active,tanvi.nair@hotmail.com,active,Ananya Shah,Security,employee,,2026-06-14T11:00:00,false
E10080,Mahesh Bose,maheshbose,disabled,,,mahesh.bose@hotmail.com,disabled,Kabir Kumar,Engineering,employee,2026-06-09,2026-05-31T05:00:00,false
E10081,Arnav Reddy,arnavreddy,active,,,arnav.reddy@hotmail.com,active,Kavya Chatterjee,Data,employee,,2026-06-03T13:00:00,false
E10082,Aryan Patel,aryanpatel,active,aryanpatel,active,aryan.patel@gmail.com,active,Krishna Desai,Engineering,employee,,2026-05-23T03:00:00,false
E10083,Ashok Singh,ashoksingh,active,ashoksingh,active,ashok.singh@gmail.com,active,Karthik Nair,Engineering,employee,,2026-06-02T22:00:00,false
E10084,Aditya Mishra,adityamishra,active,adityamishra,active,aditya.mishra@yahoo.com,active,Aarav Sengupta,Finance,employee,,2026-05-28T22:00:00,false
E10085,Pooja Chakraborty,poojachakraborty,active,poojachakraborty,active,pooja.chakraborty@hotmail.com,active,Priya Rajan,Finance,employee,,2026-06-19T09:00:00,false
E10086,Neha Naidu,nehanaidu,disabled,,,neha.naidu@yahoo.com,disabled,Kiara Sharma,IT,employee,2025-12-21,2026-06-19T00:00:00,false
E10087,Suresh Banerjee,sureshbanerjee,active,sureshbanerjee,active,suresh.banerjee@gmail.com,active,Rahul Shah,Sales,employee,,2026-06-13T21:00:00,false
E10088,Prakash Bose,prakashbose,active,,,prakash.bose@gmail.com,active,Neha Nair,Finance,employee,,2026-06-01T09:00:00,false
E10089,Ira Pillai,irapillai,active,irapillai,active,ira.pillai@gmail.com,active,Krishna Mehta,IT,employee,,2026-05-31T03:00:00,false
E10090,Ananya Chauhan,ananyachauhan,active,ananyachauhan,active,ananya.chauhan@gmail.com,active,Aditi Rao,IT,employee,,2026-06-04T10:00:00,false
E10091,Sneha Rao,sneharao,disabled,,,sneha.rao@hotmail.com,disabled,Riya Nair,HR,employee,2026-04-30,2026-05-23T08:00:00,false
E10092,Mahesh Naidu,maheshnaidu,active,maheshnaidu,active,mahesh.naidu@yahoo.com,active,Harsh Joshi,Security,employee,,2026-06-10T20:00:00,false
E10093,Varun Rajan,varunrajan,disabled,,,varun.rajan@gmail.com,disabled,Manish Das,Sales,employee,2025-12-16,2026-05-20T20:00:00,false
E10094,Pari Gupta,parigupta,active,parigupta,active,pari.gupta@yahoo.com,active,Aditi Mishra,HR,employee,,2026-06-18T04:00:00,false
E10095,Sneha Deshmukh,snehadeshmukh,disabled,,,sneha.deshmukh@gmail.com,disabled,Arnav Mishra,Sales,employee,2026-01-22,2026-05-24T22:00:00,false
E10096,Ananya Mukherjee,ananyamukherjee,active,ananyamukherjee,active,ananya.mukherjee@yahoo.com,active,Tanvi Kumar,Data,employee,,2026-06-19T08:00:00,false
E10097,Rahul Yadav,rahulyadav,active,rahulyadav,active,rahul.yadav@yahoo.com,active,Pari Tiwari,Finance,employee,,2026-06-04T03:00:00,false
E10098,Rahul Rao,rahulrao,active,rahulrao,active,rahul.rao@gmail.com,active,Nikhil Iyer,Engineering,employee,,2026-06-03T12:00:00,false
E10099,Priya Menon,priyamenon,active,,,priya.menon@gmail.com,active,Vinod Chakraborty,HR,employee,,2026-05-24T11:00:00,false
E10100,Shreya Krishnan,shreyakrishnan,active,,,shreya.krishnan@yahoo.com,active,Pari Mishra,Finance,employee,,2026-06-13T08:00:00,false
E10101,Rudra Menon,rudramenon,active,rudramenon,active,rudra.menon@hotmail.com,active,Aniket Chakraborty,Legal,employee,,2026-05-26T03:00:00,false
E10102,Arnav Kumar,arnavkumar,disabled,,,arnav.kumar@gmail.com,disabled,Anand Rao,Finance,employee,2026-01-08,2026-05-21T22:00:00,false
E10103,Aarav Mishra,aaravmishra,active,,,aarav.mishra@gmail.com,active,Meera Tiwari,HR,employee,,2026-05-30T06:00:00,false
E10104,Diya Tiwari,diyatiwari,active,diyatiwari,active,diya.tiwari@hotmail.com,active,Manish Yadav,Legal,employee,,2026-06-10T06:00:00,false
E10105,Rahul Pillai,rahulpillai,active,rahulpillai,active,rahul.pillai@hotmail.com,active,Rajesh Singh,HR,employee,,2026-05-29T02:00:00,false
E10106,Aarav Menon,aaravmenon,active,,,aarav.menon@gmail.com,active,Mahesh Chakraborty,Sales,employee,,2026-06-12T13:00:00,false
E10107,Ayaan Shah,ayaanshah,active,ayaanshah,active,ayaan.shah@gmail.com,active,Sanjay Sharma,Legal,employee,,2026-06-03T15:00:00,false
E10108,Ira Sharma,irasharma,active,irasharma,active,ira.sharma@gmail.com,active,Karthik Bhat,Sales,employee,,2026-06-07T12:00:00,false
E10109,Nandini Kumar,nandinikumar,active,nandinikumar,active,nandini.kumar@gmail.com,active,Ananya Chakraborty,IT,employee,,2026-06-07T06:00:00,false
E10110,Kabir Banerjee,kabirbanerjee,active,kabirbanerjee,active,kabir.banerjee@yahoo.com,active,Kavya Rajan,IT,employee,,2026-05-26T17:00:00,false
E10111,Arnav Joshi,arnavjoshi,active,arnavjoshi,active,arnav.joshi@yahoo.com,active,Meera Tiwari,HR,employee,,2026-06-19T02:00:00,false
E10112,Meera Kumar,meerakumar,disabled,,,meera.kumar@yahoo.com,disabled,Isha Shah,HR,employee,2026-02-12,2026-05-21T18:00:00,false
E10113,Riya Desai,riyadesai,disabled,,,riya.desai@gmail.com,disabled,Aanya Kulkarni,HR,employee,2026-03-24,2026-05-26T21:00:00,false
E10114,Amit Sengupta,amitsengupta,active,amitsengupta,active,amit.sengupta@yahoo.com,active,Sai Subramaniam,Engineering,employee,,2026-05-22T06:00:00,false
E10115,Sneha Pandey,snehapandey,active,snehapandey,active,sneha.pandey@gmail.com,active,Aniket Iyer,HR,employee,,2026-06-02T23:00:00,false
E10116,Manish Krishnan,manishkrishnan,active,,,manish.krishnan@gmail.com,active,Ashok Kamath,Finance,employee,,2026-06-13T12:00:00,false
E10117,Mahesh Sengupta,maheshsengupta,active,,,mahesh.sengupta@yahoo.com,active,Aditi Shah,Security,employee,,2026-05-28T13:00:00,false
E10118,Aryan Bhat,aryanbhat,active,aryanbhat,active,aryan.bhat@gmail.com,active,Deepak Mishra,HR,employee,,2026-05-27T20:00:00,false
E10119,Gaurav Shetty,gauravshetty,active,,,gaurav.shetty@yahoo.com,active,Reyansh Pandey,IT,employee,,2026-06-13T16:00:00,false
E10120,Riya Yadav,riyayadav,active,,,riya.yadav@yahoo.com,active,Kavya Kumar,Security,employee,,2026-05-23T03:00:00,false
E10121,Gaurav Rajan,gauravrajan,active,gauravrajan,active,gaurav.rajan@yahoo.com,active,Arnav Sengupta,Finance,employee,,2026-06-15T19:00:00,false
E10122,Rajesh Nair,rajeshnair,active,rajeshnair,active,rajesh.nair@yahoo.com,active,Rahul Singh,Finance,employee,,2026-06-10T02:00:00,false
E10123,Aditi Ghosh,aditighosh,active,,,aditi.ghosh@yahoo.com,active,Suresh Patel,Legal,employee,,2026-06-12T03:00:00,false
E10124,Harsh Mukherjee,harshmukherjee,active,,,harsh.mukherjee@hotmail.com,active,Dhruv Deshmukh,Finance,employee,,2026-05-21T12:00:00,false
E10125,Sanjay Rao,sanjayrao,active,sanjayrao,active,sanjay.rao@hotmail.com,active,Vikram Verma,Sales,employee,,2026-05-21T14:00:00,false
E10126,Isha Bose,ishabose,active,ishabose,active,isha.bose@hotmail.com,active,Varun Chatterjee,Legal,employee,,2026-05-30T01:00:00,false
E10127,Divya Kumar,divyakumar,active,divyakumar,active,divya.kumar@hotmail.com,active,Pari Menon,Legal,employee,,2026-06-11T20:00:00,false
E10128,Gaurav Subramaniam,gauravsubramaniam,active,gauravsubramaniam,active,gaurav.subramaniam@hotmail.com,active,Vivaan Chauhan,IT,employee,,2026-05-26T00:00:00,false
E10129,Kunal Mishra,kunalmishra,active,,,kunal.mishra@yahoo.com,active,Riya Menon,HR,employee,,2026-05-26T05:00:00,false
E10130,Isha Tiwari,ishatiwari,active,,,isha.tiwari@gmail.com,active,Krishna Shah,HR,employee,,2026-06-05T05:00:00,false
E10131,Saanvi Kamath,saanvikamath,disabled,,,saanvi.kamath@gmail.com,disabled,Siddharth Iyer,Engineering,employee,2026-04-29,2026-06-16T15:00:00,false
E10132,Myra Singh,myrasingh,active,myrasingh,active,myra.singh@yahoo.com,active,Divya Raman,Data,employee,,2026-06-18T14:00:00,false
E10133,Kavya Mishra,kavyamishra,active,,,kavya.mishra@gmail.com,active,Rudra Kulkarni,Engineering,employee,,2026-06-18T18:00:00,false
E10134,Diya Subramaniam,diyasubramaniam,active,diyasubramaniam,active,diya.subramaniam@gmail.com,active,Divya Kamath,Data,employee,,2026-05-27T07:00:00,false
E10135,Kabir Kulkarni,kabirkulkarni,disabled,,,kabir.kulkarni@hotmail.com,disabled,Lakshmi Sharma,Data,employee,2026-04-01,2026-06-07T17:00:00,false
E10136,Mahesh Chakraborty,maheshchakraborty,active,maheshchakraborty,active,mahesh.chakraborty@hotmail.com,active,Kiara Menon,Sales,employee,,2026-05-29T05:00:00,false
E10137,Meera Bose,meerabose,active,meerabose,active,meera.bose@hotmail.com,active,Sanjay Mehta,Security,employee,,2026-05-27T20:00:00,false
E10138,Neha Chatterjee,nehachatterjee,active,nehachatterjee,active,neha.chatterjee@gmail.com,active,Saanvi Das,Legal,employee,,2026-05-27T10:00:00,false
E10139,Aarav Banerjee,aaravbanerjee,active,aaravbanerjee,active,aarav.banerjee@hotmail.com,active,Tejas Verma,Data,employee,,2026-06-12T14:00:00,false
E10140,Kunal Mehta,kunalmehta,active,kunalmehta,active,kunal.mehta@yahoo.com,active,Siddharth Sengupta,Legal,employee,,2026-06-09T21:00:00,false
E10141,Aniket Shah,aniketshah,active,,,aniket.shah@gmail.com,active,Aanya Pillai,Engineering,employee,,2026-06-01T04:00:00,false
E10142,Kavya Iyer,kavyaiyer,active,,,kavya.iyer@gmail.com,active,Ananya Chakraborty,Security,employee,,2026-05-21T18:00:00,false
E10143,Rohan Krishnan,rohankrishnan,active,rohankrishnan,active,rohan.krishnan@hotmail.com,active,Aditi Bose,Engineering,employee,,2026-05-25T02:00:00,false
E10144,Pari Chatterjee,parichatterjee,active,,,pari.chatterjee@yahoo.com,active,Saanvi Mehta,Data,employee,,2026-05-30T19:00:00,false
E10145,Anand Pillai,anandpillai,active,anandpillai,active,anand.pillai@hotmail.com,active,Tejas Bose,Sales,employee,,2026-06-14T07:00:00,false
E10146,Deepak Kamath,deepakkamath,disabled,,,deepak.kamath@hotmail.com,disabled,Myra Mishra,HR,employee,2026-06-01,2026-06-11T13:00:00,false
E10147,Varun Shetty,varunshetty,active,,,varun.shetty@gmail.com,active,Pooja Joshi,Engineering,employee,,2026-05-24T02:00:00,false
E10148,Anika Joshi,anikajoshi,active,anikajoshi,active,anika.joshi@gmail.com,active,Pooja Menon,IT,employee,,2026-06-13T01:00:00,false
E10149,Arnav Menon,arnavmenon,active,arnavmenon,active,arnav.menon@hotmail.com,active,Aishwarya Kumar,Engineering,employee,,2026-05-23T21:00:00,false
E10150,Arnav Iyer,arnaviyer,active,,,arnav.iyer@gmail.com,active,Sai Kamath,IT,employee,,2026-06-03T02:00:00,false
E10151,Harsh Rajan,harshrajan,active,,,harsh.rajan@gmail.com,active,Ananya Chauhan,Finance,employee,,2026-06-09T22:00:00,false
E10152,Varun Subramaniam,varunsubramaniam,disabled,,,varun.subramaniam@gmail.com,disabled,Gaurav Pandey,HR,employee,2026-05-04,2026-05-31T01:00:00,false
E10153,Suresh Chauhan,sureshchauhan,active,sureshchauhan,active,suresh.chauhan@hotmail.com,active,Nandini Mehta,Security,employee,,2026-06-19T15:00:00,false
E10154,Sanjay Sengupta,sanjaysengupta,active,,,sanjay.sengupta@gmail.com,active,Sanjay Gupta,Sales,employee,,2026-06-08T20:00:00,false
E10155,Anika Sengupta,anikasengupta,active,anikasengupta,active,anika.sengupta@hotmail.com,active,Priya Sharma,Sales,employee,,2026-06-10T10:00:00,false
E10156,Naveen Sengupta,naveensengupta,active,naveensengupta,active,naveen.sengupta@gmail.com,active,Aditya Mishra,Sales,employee,,2026-06-11T19:00:00,false
E10157,Isha Iyer,ishaiyer,disabled,,,isha.iyer@yahoo.com,disabled,Vivaan Nair,Legal,employee,2026-05-05,2026-05-23T03:00:00,false
E10158,Meera Raman,meeraraman,active,meeraraman,active,meera.raman@gmail.com,active,Tejas Mehta,Finance,employee,,2026-05-29T00:00:00,false
E10159,Nandini Kumar,nandinikumar,active,nandinikumar,active,nandini.kumar@hotmail.com,active,Pooja Kulkarni,Security,employee,,2026-05-30T16:00:00,false
E10160,Varun Menon,varunmenon,active,,,varun.menon@gmail.com,active,Pari Tiwari,Data,employee,,2026-06-10T05:00:00,false
E10161,Varun Shetty,varunshetty,active,varunshetty,active,varun.shetty@hotmail.com,active,Deepak Naidu,Sales,employee,,2026-06-09T22:00:00,false
E10162,Sanjay Bhat,sanjaybhat,active,,,sanjay.bhat@hotmail.com,active,Saanvi Pillai,Sales,employee,,2026-05-31T05:00:00,false
E10163,Mahesh Yadav,maheshyadav,disabled,,,mahesh.yadav@gmail.com,disabled,Kunal Raman,Sales,employee,2026-02-21,2026-06-12T23:00:00,false
E10164,Diya Nair,diyanair,active,diyanair,active,diya.nair@hotmail.com,active,Sanjay Sengupta,Sales,employee,2026-06-05,2026-06-05T17:00:00,false
E10165,Arjun Mukherjee,arjunmukherjee,active,arjunmukherjee,active,arjun.mukherjee@gmail.com,active,Vinod Krishnan,Finance,employee,,2026-06-12T08:00:00,false
E10166,Kunal Mukherjee,kunalmukherjee,disabled,,,kunal.mukherjee@yahoo.com,disabled,Saanvi Hegde,Engineering,employee,2026-01-29,2026-05-26T15:00:00,false
E10167,Kabir Shah,kabirshah,active,,,kabir.shah@hotmail.com,active,Harsh Tiwari,Sales,employee,,2026-06-05T06:00:00,false
E10168,Rudra Menon,rudramenon,active,rudramenon,active,rudra.menon@hotmail.com,active,Vinod Yadav,Finance,employee,,2026-05-27T08:00:00,false
E10169,Nikhil Shah,nikhilshah,active,nikhilshah,active,nikhil.shah@hotmail.com,active,Ramesh Shetty,Engineering,employee,,2026-06-05T15:00:00,false
E10170,Aanya Sharma,aanyasharma,disabled,,,aanya.sharma@hotmail.com,disabled,Vivaan Krishnan,IT,employee,2026-04-03,2026-06-19T05:00:00,false
E10171,Aarav Kulkarni,aaravkulkarni,active,,,aarav.kulkarni@yahoo.com,active,Diya Iyer,IT,employee,2026-03-28,2026-06-08T23:00:00,false
E10172,Ramesh Shah,rameshshah,disabled,,,ramesh.shah@yahoo.com,disabled,Priya Sengupta,Sales,employee,2025-12-30,2026-06-01T07:00:00,false
E10173,Arnav Nair,arnavnair,active,,,arnav.nair@gmail.com,active,Krishna Hegde,Data,employee,,2026-05-23T16:00:00,false
E10174,Priya Chauhan,priyachauhan,active,priyachauhan,active,priya.chauhan@hotmail.com,active,Riya Mukherjee,Security,employee,,2026-06-15T05:00:00,false
E10175,Amit Raman,amitraman,disabled,,,amit.raman@hotmail.com,disabled,Pari Hegde,Sales,employee,2025-12-10,2026-06-05T04:00:00,false
E10176,Ramesh Tiwari,rameshtiwari,active,,,ramesh.tiwari@yahoo.com,active,Aishwarya Kumar,Engineering,employee,,2026-05-30T18:00:00,false
E10177,Divya Shetty,divyashetty,active,divyashetty,active,divya.shetty@gmail.com,active,Aarav Reddy,Security,employee,,2026-05-27T06:00:00,false
E10178,Arjun Rao,arjunrao,active,arjunrao,active,arjun.rao@yahoo.com,active,Siddharth Krishnan,Legal,employee,2026-05-26,2026-06-05T11:00:00,false
E10179,Aishwarya Kumar,aishwaryakumar,disabled,,,aishwarya.kumar@yahoo.com,disabled,Siddharth Bhat,Finance,employee,2026-01-01,2026-06-07T04:00:00,false
E10180,Tejas Chakraborty,tejaschakraborty,active,tejaschakraborty,active,tejas.chakraborty@gmail.com,active,Divya Kamath,Finance,employee,,2026-06-17T09:00:00,false
E10181,Pooja Desai,poojadesai,active,poojadesai,active,pooja.desai@hotmail.com,active,Manish Reddy,IT,employee,,2026-05-21T22:00:00,false
E10182,Divya Kamath,divyakamath,disabled,,,divya.kamath@hotmail.com,disabled,Aryan Mukherjee,Sales,employee,2026-01-23,2026-06-18T10:00:00,false
E10183,Sai Pillai,saipillai,active,saipillai,active,sai.pillai@yahoo.com,active,Aditya Das,IT,employee,,2026-06-13T14:00:00,false
E10184,Rahul Bhat,rahulbhat,active,,,rahul.bhat@yahoo.com,active,Vivaan Sengupta,Finance,employee,,2026-06-02T13:00:00,false
E10185,Divya Sengupta,divyasengupta,active,divyasengupta,active,divya.sengupta@yahoo.com,active,Sanjay Iyer,Security,employee,,2026-05-29T23:00:00,false
E10186,Tanvi Shetty,tanvishetty,active,tanvishetty,active,tanvi.shetty@gmail.com,active,Aanya Chatterjee,Security,employee,,2026-06-17T02:00:00,false
E10187,Riya Yadav,riyayadav,active,riyayadav,active,riya.yadav@gmail.com,active,Tejas Singh,Data,employee,,2026-06-19T22:00:00,false
E10188,Dhruv Pandey,dhruvpandey,active,dhruvpandey,active,dhruv.pandey@yahoo.com,active,Lakshmi Bose,Finance,employee,,2026-06-02T10:00:00,false
E10189,Rahul Subramaniam,rahulsubramaniam,active,rahulsubramaniam,active,rahul.subramaniam@hotmail.com,active,Krishna Singh,Data,employee,,2026-05-25T11:00:00,false
E10190,Manish Nair,manishnair,active,manishnair,active,manish.nair@hotmail.com,active,Kabir Ghosh,Legal,employee,,2026-06-16T10:00:00,false
E10191,Amit Iyer,amitiyer,active,amitiyer,active,amit.iyer@gmail.com,active,Myra Rao,Finance,employee,,2026-05-31T00:00:00,false
E10192,Meera Shetty,meerashetty,disabled,,,meera.shetty@gmail.com,disabled,Deepak Kumar,IT,employee,2025-12-08,2026-06-03T12:00:00,false
E10193,Priya Verma,priyaverma,active,priyaverma,active,priya.verma@hotmail.com,active,Deepak Ghosh,HR,employee,,2026-06-07T12:00:00,false
E10194,Aditi Tiwari,adititiwari,active,,,aditi.tiwari@gmail.com,active,Priya Rao,Sales,employee,,2026-06-19T20:00:00,false
E10195,Ashok Chakraborty,ashokchakraborty,active,ashokchakraborty,active,ashok.chakraborty@hotmail.com,active,Tejas Krishnan,Data,employee,,2026-06-05T12:00:00,false
E10196,Isha Tiwari,ishatiwari,active,ishatiwari,active,isha.tiwari@yahoo.com,active,Arjun Gupta,Security,employee,,2026-06-16T06:00:00,false
E10197,Sneha Krishnan,snehakrishnan,active,snehakrishnan,active,sneha.krishnan@gmail.com,active,Karthik Kulkarni,Finance,employee,,2026-05-20T03:00:00,false
E10198,Mahesh Das,maheshdas,disabled,,,mahesh.das@yahoo.com,disabled,Ramesh Kumar,Security,employee,2026-05-09,2026-06-18T02:00:00,false
